event_id,request_size,response_time,is_risky
evt_000,1226,211,1
evt_001,1559,251,1
evt_002,960,319,0
evt_003,1394,912,1
evt_004,1230,865,1
evt_005,1195,320,1
evt_006,1824,505,1
evt_007,1144,511,1
evt_008,1738,776,1
evt_009,221,301,0
evt_010,566,751,1
evt_011,1338,345,1
evt_012,430,774,1
evt_013,1582,769,1
evt_014,187,798,1
evt_015,1496,387,1
evt_016,1223,928,1
evt_017,971,102,0
evt_018,1787,841,1
evt_019,230,971,1
evt_020,1785,266,1
evt_021,1432,813,1
evt_022,869,237,0
evt_023,443,429,0
evt_024,1615,542,1
evt_025,1537,90,1
evt_026,905,206,0
evt_027,485,64,0
evt_028,1315,862,1
evt_029,1055,114,1
evt_030,376,906,1
evt_031,1284,888,1
evt_032,559,570,1
evt_033,1437,393,1
evt_034,121,178,0
evt_035,352,697,1
evt_036,847,521,1
evt_037,956,112,0
evt_038,1684,188,1
evt_039,574,548,1
evt_040,1182,642,1
evt_041,610,441,0
evt_042,1805,724,1
evt_043,1599,468,1
evt_044,799,338,0
evt_045,1075,428,1
evt_046,1906,822,1
evt_047,289,539,1
evt_048,1057,280,1
evt_049,786,90,0
evt_050,1057,77,1
evt_051,662,184,0
evt_052,1999,250,1
evt_053,1690,889,1
evt_054,1367,829,1
evt_055,931,979,1
evt_056,1628,82,1
evt_057,1254,97,1
evt_058,1608,552,1
evt_059,1942,456,1
evt_060,746,623,1
evt_061,120,777,1
evt_062,940,854,1
evt_063,266,148,0
evt_064,1397,733,1
evt_065,487,921,1
evt_066,700,775,1
evt_067,415,596,1
evt_068,113,788,1
evt_069,341,662,1
evt_070,876,992,1
evt_071,1469,511,1
evt_072,664,692,1
evt_073,997,818,1
evt_074,1463,54,1
evt_075,191,267,0
evt_076,1490,552,1
evt_077,1055,816,1
evt_078,1578,447,1
evt_079,1551,920,1
evt_080,608,844,1
evt_081,875,442,0
evt_082,134,256,0
evt_083,305,64,0
evt_084,1204,907,1
evt_085,1685,603,1
evt_086,1995,941,1
evt_087,1511,510,1
evt_088,1125,740,1
evt_089,1121,624,1
evt_090,1513,913,1
evt_091,665,792,1
evt_092,1229,290,1
evt_093,1895,613,1
evt_094,1945,145,1
evt_095,1600,949,1
evt_096,802,783,1
evt_097,501,534,1
evt_098,829,456,0
evt_099,1679,280,1
